Time (UTC-04:00),Clicks,Impressions,CTR,Position
2026-09-23T08:00:00,7,48,14.58%,7.7
2026-09-23T09:00:00,5,73,6.85%,15.9
2026-09-23T10:00:00,6,71,8.45%,7.3
2026-09-23T11:00:00,8,82,9.76%,9.3
2026-09-23T12:00:00,5,70,7.14%,22.3
2026-09-23T13:00:00,6,47,12.77%,10.5
2026-09-23T14:00:00,4,59,6.78%,8.7
2026-09-23T15:00:00,4,63,6.35%,18
2026-09-23T16:00:00,5,37,13.51%,9.6
2026-09-23T17:00:00,4,46,8.7%,20.5
2026-09-23T18:00:00,6,48,12.5%,14.9
2026-09-23T19:00:00,3,45,6.67%,10.3
2026-09-23T20:00:00,5,46,10.87%,14.5
2026-09-23T21:00:00,1,42,2.38%,18.5
2026-09-23T22:00:00,2,58,3.45%,8.1
2026-09-23T23:00:00,8,37,21.62%,6.8
2026-09-24T00:00:00,2,32,6.25%,13.3
2026-09-24T01:00:00,1,31,3.23%,22.2
2026-09-24T02:00:00,0,29,0%,42.8
2026-09-24T03:00:00,2,57,3.51%,8.2
2026-09-24T04:00:00,5,44,11.36%,5
2026-09-24T05:00:00,1,41,2.44%,15.1
2026-09-24T06:00:00,0,10,0%,6.2
2026-09-24T07:00:00,0,0,0%,0