Date,Clicks,Impressions,CTR,Position
2026-06-23,97,733,13.23%,11.3
2026-06-24,90,645,13.95%,13.2
2026-06-25,89,666,13.36%,17.1
2026-06-26,79,264,29.92%,13.9
2026-06-27,59,165,35.76%,19.1
2026-06-28,89,222,40.09%,19.5
2026-06-29,104,242,42.98%,9.1
2026-06-30,92,241,38.17%,13.5
2026-07-01,98,244,40.16%,10.8
2026-07-02,99,262,37.79%,12.2
2026-07-03,70,185,37.84%,19.3
2026-07-04,77,211,36.49%,17.5
2026-07-05,82,230,35.65%,12.7
2026-07-06,83,222,37.39%,13
2026-07-07,78,190,41.05%,18.9
2026-07-08,99,252,39.29%,17.7
2026-07-09,89,306,29.08%,30.8
2026-07-10,70,230,30.43%,32.4
2026-07-11,62,214,28.97%,32.5
2026-07-12,76,237,32.07%,21.5
2026-07-13,70,198,35.35%,22.4
2026-07-14,86,235,36.6%,15
2026-07-15,68,201,33.83%,14.1
2026-07-16,70,187,37.43%,14.7
2026-07-17,43,153,28.1%,18.5
2026-07-18,45,143,31.47%,18.2
2026-07-19,40,176,22.73%,16.8
2026-07-20,39,154,25.32%,11.2
2026-07-21,41,174,23.56%,13.2
2026-07-22,59,178,33.15%,10.2
2026-07-23,53,202,26.24%,12.8
2026-07-24,31,159,19.5%,25
2026-07-25,43,146,29.45%,19.4
2026-07-26,58,202,28.71%,15.8
2026-07-27,42,189,22.22%,18.9
2026-07-28,52,177,29.38%,22.3
2026-07-29,45,170,26.47%,21.6
2026-07-30,59,201,29.35%,22.5
2026-07-31,31,163,19.02%,35.9
2026-08-01,32,122,26.23%,30.7
2026-08-02,38,163,23.31%,27.3
2026-08-03,32,160,20%,17.7
2026-08-04,47,155,30.32%,12.6
2026-08-05,39,189,20.63%,23.6
2026-08-06,33,160,20.62%,16.5
2026-08-07,29,130,22.31%,16.2
2026-08-08,30,103,29.13%,14.2
2026-08-09,32,122,26.23%,16.3
2026-08-10,31,129,24.03%,21.3
2026-08-11,42,148,28.38%,18.6
2026-08-12,28,141,19.86%,33
2026-08-13,35,132,26.52%,31.6
2026-08-14,23,114,20.18%,18.6
2026-08-15,33,105,31.43%,24.2
2026-08-16,37,120,30.83%,14.8
2026-08-17,40,198,20.2%,25.5
2026-08-18,59,794,7.43%,38.2
2026-08-19,72,875,8.23%,40
2026-08-20,45,806,5.58%,43.1
2026-08-21,52,790,6.58%,44.8
2026-08-22,67,854,7.85%,45.4
2026-08-23,63,825,7.64%,31.7
2026-08-24,56,939,5.96%,30.7
2026-08-25,74,996,7.43%,34.1
2026-08-26,70,1020,6.86%,35.4
2026-08-27,75,1098,6.83%,33.2
2026-08-28,77,1027,7.5%,36.2
2026-08-29,61,1250,4.88%,44.6
2026-08-30,103,1237,8.33%,38.2
2026-08-31,78,1454,5.36%,39.7
2026-09-01,49,1064,4.61%,31.3
2026-09-02,68,1128,6.03%,31.3
2026-09-03,76,1028,7.39%,29.3
2026-09-04,60,909,6.6%,31.3
2026-09-05,39,791,4.93%,29.3
2026-09-06,55,908,6.06%,20.8
2026-09-07,54,911,5.93%,22.3
2026-09-08,57,912,6.25%,18.5
2026-09-09,64,819,7.81%,15.4
2026-09-10,74,856,8.64%,16.1
2026-09-11,49,744,6.59%,22.3
2026-09-12,49,972,5.04%,28.2
2026-09-13,99,1163,8.51%,20.7
2026-09-14,67,1243,5.39%,23.3
2026-09-15,70,1173,5.97%,18.8
2026-09-16,66,1133,5.83%,20.3
2026-09-17,80,1099,7.28%,16.4
2026-09-18,52,882,5.9%,17.5
2026-09-19,52,927,5.61%,23.5
2026-09-20,82,1115,7.35%,12.7
2026-09-21,82,1215,6.75%,13.1
2026-09-22,116,1363,8.51%,13.3