Country,Clicks,Impressions,CTR,Position
Philippines,1903,6264,30.38%,13.81
United States,1111,14462,7.68%,34.5
South Africa,199,708,28.11%,6.27
India,183,3835,4.77%,34.52
Malaysia,166,984,16.87%,22.46
Nigeria,157,728,21.57%,4.78
United Kingdom,150,1702,8.81%,23.09
Indonesia,134,1328,10.09%,21.3
Canada,130,1125,11.56%,26.1
Australia,111,1070,10.37%,18.92
Ghana,77,205,37.56%,5.17
Germany,71,1050,6.76%,20.14
Nepal,69,298,23.15%,8.15
Kenya,68,308,22.08%,7.51
Pakistan,56,687,8.15%,13.49
United Arab Emirates,45,521,8.64%,8.11
Netherlands,43,572,7.52%,17.2
Italy,43,386,11.14%,11.12
Ethiopia,43,137,31.39%,5.08
Spain,29,533,5.44%,42.79
Brazil,29,450,6.44%,15.82
Finland,26,377,6.9%,7.19
Myanmar (Burma),26,81,32.1%,9.12
France,25,476,5.25%,27.76
Egypt,25,244,10.25%,15.56
Vietnam,24,534,4.49%,49.81
Saudi Arabia,24,246,9.76%,18.11
Singapore,24,212,11.32%,11.34
Bangladesh,22,631,3.49%,45.87
Turkey,22,514,4.28%,44.32
Morocco,20,343,5.83%,38.72
Peru,20,118,16.95%,14.68
Mexico,19,639,2.97%,49.16
Thailand,19,378,5.03%,47.44
Romania,19,132,14.39%,6.2
Tanzania,17,57,29.82%,4.14
New Zealand,16,230,6.96%,27.25
Poland,13,205,6.34%,13.26
Colombia,13,146,8.9%,16.63
Sweden,13,132,9.85%,10.59
Norway,12,228,5.26%,8.84
Ukraine,12,227,5.29%,46.29
Iraq,12,70,17.14%,13.17
Uganda,12,61,19.67%,5.15
Zimbabwe,12,45,26.67%,6.69
Austria,11,104,10.58%,8.19
Algeria,10,162,6.17%,47.2
Sri Lanka,10,133,7.52%,14.12
Denmark,10,128,7.81%,12.71
Portugal,10,89,11.24%,10.25
Ecuador,10,79,12.66%,8.37
Botswana,10,34,29.41%,4.26
Hungary,9,78,11.54%,9.49
Russia,8,275,2.91%,42.93
Israel,8,132,6.06%,36.02
Argentina,8,122,6.56%,22.39
Greece,8,86,9.3%,14.67
Iran,8,85,9.41%,9.82
Japan,8,81,9.88%,10.35
Mauritius,8,40,20%,4.12
Namibia,8,39,20.51%,10.36
Belgium,7,156,4.49%,15.05
Qatar,7,71,9.86%,7.48
Bahrain,7,46,15.22%,14.57
Palestine,7,32,21.88%,5.94
Jordan,6,141,4.26%,56.2
Switzerland,6,115,5.22%,12.34
China,6,93,6.45%,11.53
Maldives,6,17,35.29%,3.53
Bhutan,6,15,40%,8.87
Kazakhstan,5,58,8.62%,12.28
Tunisia,5,54,9.26%,12.59
Albania,5,50,10%,48.72
Oman,5,44,11.36%,7.82
Georgia,5,32,15.62%,6.06
Azerbaijan,5,29,17.24%,9.1
Brunei,5,28,17.86%,11.89
Rwanda,5,23,21.74%,2.96
Malawi,5,18,27.78%,9.61
Hong Kong,4,162,2.47%,14.2
South Korea,4,97,4.12%,9.07
Ireland,4,94,4.26%,19.61
Serbia,4,37,10.81%,12.62
Latvia,4,34,11.76%,17.65
Croatia,4,33,12.12%,4.82
Cambodia,4,28,14.29%,16
Bolivia,4,25,16%,11.96
Trinidad & Tobago,4,14,28.57%,2.57
Sierra Leone,4,7,57.14%,2
Gambia,4,6,66.67%,2.67
Lebanon,3,50,6%,8.66
Kuwait,3,48,6.25%,12.04
Chile,3,44,6.82%,15.93
Bulgaria,3,41,7.32%,14.63
Puerto Rico,3,33,9.09%,6.12
Uzbekistan,3,27,11.11%,6.48
Dominican Republic,3,23,13.04%,13.17
Armenia,3,22,13.64%,8.45
Jamaica,3,18,16.67%,10.17
El Salvador,3,16,18.75%,12.25
Fiji,3,15,20%,5.07
Kosovo,3,11,27.27%,3.36
Belize,3,11,27.27%,15.36
Czechia,2,85,2.35%,19.04
Zambia,2,31,6.45%,8.74
Syria,2,30,6.67%,12.43
Venezuela,2,27,7.41%,12.85
Belarus,2,20,10%,10.1
Guyana,2,15,13.33%,9
Macedonia,2,15,13.33%,10.47
Senegal,2,9,22.22%,11.56
Bahamas,2,8,25%,15.12
Seychelles,2,3,66.67%,3.33
Dominica,2,2,100%,1
Guinea,2,2,100%,1
Solomon Islands,2,2,100%,1
Taiwan,1,39,2.56%,12.36
Slovakia,1,27,3.7%,12.56
Panama,1,23,4.35%,10.96
Moldova,1,21,4.76%,9.29
Costa Rica,1,21,4.76%,19.14
Cyprus,1,20,5%,16
Estonia,1,19,5.26%,8.53
Yemen,1,17,5.88%,14.65
Bosnia & Herzegovina,1,17,5.88%,18.59
Luxembourg,1,16,6.25%,6.81
Mongolia,1,14,7.14%,3.14
Slovenia,1,13,7.69%,7.54
Madagascar,1,13,7.69%,7.62
Macau,1,10,10%,6.3
Cameroon,1,10,10%,13.9
Barbados,1,8,12.5%,5.38
Afghanistan,1,8,12.5%,12.5
Mozambique,1,6,16.67%,12.83
Congo - Kinshasa,1,6,16.67%,20.17
Swaziland,1,5,20%,3
Burkina Faso,1,5,20%,17
Chad,1,3,33.33%,2
Guam,1,2,50%,1
Cuba,1,2,50%,2
Timor-Leste,1,2,50%,2
Mauritania,1,2,50%,2.5
Montenegro,1,2,50%,4.5
French Polynesia,1,2,50%,5
Lesotho,1,1,100%,1
Samoa,1,1,100%,1
Lithuania,0,43,0%,7.23
Uruguay,0,18,0%,21.44
Sudan,0,14,0%,5.93
Guatemala,0,14,0%,20.57
Côte d’Ivoire,0,12,0%,7.08
Liberia,0,11,0%,8.27
Malta,0,11,0%,12.27
Honduras,0,11,0%,20.91
Libya,0,8,0%,7.75
Kyrgyzstan,0,8,0%,11.38
Somalia,0,7,0%,3.71
Paraguay,0,7,0%,31.43
Andorra,0,7,0%,34.29
Iceland,0,5,0%,6.4
Gabon,0,4,0%,5.25
Burundi,0,4,0%,6.75
Unknown Region,0,4,0%,15.5
Nicaragua,0,4,0%,38
Monaco,0,3,0%,20.67
St. Vincent & Grenadines,0,3,0%,71.33
Gibraltar,0,2,0%,2
Comoros,0,2,0%,3
Antigua & Barbuda,0,2,0%,3.5
Suriname,0,2,0%,6
Greenland,0,2,0%,6.5
St. Lucia,0,2,0%,7
Western Sahara,0,2,0%,7.5
Togo,0,2,0%,16.5
South Sudan,0,2,0%,19.5
Haiti,0,2,0%,27.5
U.S. Virgin Islands,0,2,0%,27.5
Angola,0,2,0%,28
Benin,0,1,0%,1
Laos,0,1,0%,1
Sint Maarten,0,1,0%,1
Turkmenistan,0,1,0%,1
St. Martin,0,1,0%,5
Vanuatu,0,1,0%,6
Aruba,0,1,0%,7
Montserrat,0,1,0%,10
Martinique,0,1,0%,19
Guadeloupe,0,1,0%,80